{"cameraMode":{"drawMode":0,"name":"Shaded","section":"Shading Mode"},"sceneLighting":true,"audioPlay":false,"sceneViewState":{"showFog":true,"showMaterialUpdate":false,"showSkybox":true,"showFlares":true,"showImageEffects":true,"showParticleSystems":true},"in2DMode":false,"pivot":{"x":0.00011329352855682373,"y":0.16308242082595826,"z":-0.022216955199837686},"rotation":{"x":-0.006441057194024324,"y":0.9913430213928223,"z":-0.11984692513942719,"w":-0.05328558757901192},"size":61.615386962890628,"orthographic":true}